<assembly xmlns="http://maven.apache.org/plugins/maven-assembly-plugin/assembly/1.1.2" xmlns:xsi="http://www.w3.org/2001/XMLSchema-instance"
  xsi:schemaLocation="http://maven.apache.org/plugins/maven-assembly-plugin/assembly/1.1.2 http://maven.apache.org/xsd/assembly-1.1.2.xsd">

  <id>src</id>
  <formats>
      <format>zip</format>
  </formats>

  <includeBaseDirectory>true</includeBaseDirectory>
  <baseDirectory>pmd-src-${project.version}</baseDirectory>

  <componentDescriptors>
    <componentDescriptor>src/main/assembly/common.xml</componentDescriptor>
  </componentDescriptors>

  <fileSets>
    <fileSet>
        <useDefaultExcludes>true</useDefaultExcludes>
        <excludes>
            <exclude>${project.build.directory}/**</exclude>
            <exclude>bin/**</exclude>
            <exclude>.settings/**</exclude>
            <exclude>.project</exclude>
            <exclude>.classpath</exclude>
            <exclude>.checkstyle</exclude>
            <exclude>.pmd</exclude>
            <exclude>.ruleset</exclude>
        </excludes>
        <directoryMode>0755</directoryMode>
        <fileMode>0644</fileMode>
    </fileSet>
  </fileSets>
</assembly>
