<?xml version="1.0"?>
<document>
  <properties>
    <title>Welcome to PMD</title>
    <author email="jjensen@apache.org">Jeff Jensen</author>
  </properties>
  <body>
    <section name="Welcome to PMD">
      <p>PMD scans Java source code and looks for potential problems like:</p>
      <ul>
        <li>Possible bugs - empty try/catch/finally/switch statements</li>
        <li>Dead code - unused local variables, parameters and private methods</li>
        <li>Suboptimal code - wasteful String/StringBuffer usage</li>
        <li>Overcomplicated expressions - unnecessary if statements, for loops that could be while loops</li>
        <li>Duplicate code - copied/pasted code means copied/pasted bugs</li>
      </ul>
      
      <p>You can <b><a href="https://sourceforge.net/projects/pmd/files/">download everything from here</a></b>, and you can get an overview of all the rules at the <a href="rules/index.html">rulesets index</a> page.</p>
      <p>PMD is <a href="integrations.html">integrated</a> with JDeveloper, Eclipse, JEdit, JBuilder, BlueJ, CodeGuide, NetBeans/Sun Java Studio Enterprise/Creator, IntelliJ IDEA, TextPad, Maven, Ant, Gel, JCreator, and Emacs.</p>
    
      <h3>Recent releases</h3>
      <p><ul>
        <li>
          <p>2013-08-11 PMD 5.0.5: minor version with lots of bug fixes (<a href="https://sourceforge.net/projects/pmd/files/pmd/5.0.5/">Changelog</a>)
          <ul>
            <li>Fixed bugs: <a href="https://sourceforge.net/p/pmd/bugs/milestone/PMD-5.0.5/">https://sourceforge.net/p/pmd/bugs/milestone/PMD-5.0.5/</a></li>
          </ul>
          </p>
        </li>
        <li>
          <p>2013-05-01 PMD 5.0.4: minor version with lots of bug fixes (<a href="https://sourceforge.net/projects/pmd/files/pmd/5.0.4/">Changelog</a>)
          <ul>
            <li>Fixed bugs: <a href="https://sourceforge.net/p/pmd/bugs/milestone/PMD-5.0.4/">https://sourceforge.net/p/pmd/bugs/milestone/PMD-5.0.4/</a></li>
          </ul>
          </p>
        </li>
        <li>
          <p>2013-04-05 PMD 5.0.3: minor version with lots of bug fixes (<a href="https://sourceforge.net/projects/pmd/files/pmd/5.0.3/">Changelog</a>)
          <ul>
            <li>Fixed bugs: <a href="https://sourceforge.net/p/pmd/bugs/milestone/PMD-5.0.3/">https://sourceforge.net/p/pmd/bugs/milestone/PMD-5.0.3/</a></li>
          </ul>
          </p>
        </li>
        <li>
          <p>2013-02-03 PMD 5.0.2: minor version with lots of bug fixes (<a href="https://sourceforge.net/projects/pmd/files/pmd/5.0.2/">Changelog</a>)
          <ul>
            <li>Fixed bugs: <a href="https://sourceforge.net/p/pmd/bugs/milestone/PMD-5.0.2/">https://sourceforge.net/p/pmd/bugs/milestone/PMD-5.0.2/</a></li>
          </ul>
          </p>
        </li>
        <li><p>2012-11-28 PMD 5.0.1: minor version with lots of bug fixes (<a href="https://sourceforge.net/projects/pmd/files/pmd/5.0.1/">Changelog</a>)
        <ul>
           <li>Fixed bugs:  https://sourceforge.net/p/pmd/bugs/milestone/PMD-5.0.1/</li>
           <li>New EcmaScript Rule: Basic ruleset: AvoidTrailingComma</li>
           <li>Improved JSP parser to be less strict with not valid XML documents (like HTML)</li>
           <li>Improved CPD: Support in CPD for IgnoreAnnotations and SuppressWarnings("CPD-START")</li>
           <li>PMD Command Line: Improved command line interface (CLI) parsing using JCommander.</li>
        </ul></p>
        </li>
        <li><p>2012-05-01 PMD 5.0.0: major version supporting additional languages and new rules (<a href="https://sourceforge.net/projects/pmd/files/pmd/5.0.0/">Changelog</a>)
        <ul>
            <li>Additional languages support (Java, JavaScript, XML, XSL, JSP)</li>
            <li>Many bug fixes and new rules</li>
            <li>Internal refactoring which breaks compatibility, but adds generic support for additional languages.</li>
            <li>Maven coordinates have been changed: <a href="http://search.maven.org/#search|ga|1|g%3A%22net.sourceforge.pmd%22%20a%3A%22pmd%22">net.sourceforge.pmd:pmd</a></li>
            <li>For details, see the <a href="https://sourceforge.net/projects/pmd/files/pmd/5.0.0/">Changelog</a>.</li>
        </ul></p>
        <p><em>Note: PMD 5 is not backwards compatible with PMD 4.x.</em></p>
        </li>
        <li><p>2011-11-04 PMD 4.3 (<a href="https://sourceforge.net/projects/pmd/files/pmd/4.3/">download</a>):
        <ul>
           <li>Add support for Java 7 grammer - thanks to Dinesh Bolkensteyn and <a href="http://www.sonarsource.com/">SonarSource</a> ;</li>
           <li>Add C# support for CPD - thanks to Florian Bauer ;</li>
           <li>And, as usual, a bunch of bug fixes and a couple new rules (DontCallThreadRun and GuardDebugLogging) (See <a href="https://sourceforge.net/projects/pmd/files/pmd/4.3/">Changelog</a>).</li>
        </ul>
        <em>Note: default JDK setting for PMD is now Java 7.</em>
      </p>
      </li>
      <li>2011-09-14 PMD 4.2.6: bug fixes, new rules (<a href="http://sourceforge.net/projects/pmd/files/pmd/4.2.6/pmd-bin-4.2.6.zip/download">Changelog</a>)</li>
      <li>2009-02-08 PMD 4.2.5: bug fixes, new rule, new Android ruleset (<a href="http://sourceforge.net/project/shownotes.php?release_id=659603&amp;group_id=56262">Changelog</a>)</li>
      <li>2008-10-12 PMD 4.2.4: bug fixes (<a href="http://sourceforge.net/project/shownotes.php?release_id=632850&amp;group_id=56262">Changelog</a>)</li>
      <li>2008-08-31 PMD 4.2.3: yet more bug fixes (<a href="http://sourceforge.net/project/shownotes.php?release_id=623284&amp;group_id=56262">Changelog</a>)</li>
      <li>2008-05-20 PMD 4.2.2: more bug fixes on the 4.2 branch (<a href="http://sourceforge.net/project/shownotes.php?release_id=600660&amp;group_id=56262">Changelog</a>)</li>
      <li>2008-04-11 PMD 4.2.1: bug fixes (<a href="http://sourceforge.net/project/shownotes.php?release_id=591563&amp;group_id=56262">Changelog</a>)</li>
      </ul></p>
      
      <h3>Future releases</h3>
      <p>The next development version will be PMD 5.1. We will release other 5.0.x versions
      with bug fixes if needed.</p>
      <p>A <a href="http://pmd.sourceforge.net/snapshot">snapshot</a> of the web site for the new version is generated daily by our continuous integration server. Early access versions can also be downloaded from there.</p>
    </section>
  </body>
</document>
