<?xml version="1.0"?>

<document>
  <properties>
    <author email="tom@infoether.org">Tom Copeland</author>
    <title>PMD in the press</title>
  </properties>

  <body>
    <section name="Sites/Articles about PMD">
    <ul>
        <br/>
        <li>May 2008 - Alan Berg's article on <a href="http://www.freesoftwaremagazine.com/columns/destroy_annoying_bugs_part_1">Free Software Magazine</a> discusses FindBugs, PMD, and TFTP.</li>
        <br/>
        <li>July 2007 - Ryan Slobojan's article on <a href="http://www.infoq.com/news/2007/07/pmd">InfoQ</a> discusses the PMD 4.0 release.</li>
        <br/>
        <li>October 2006 -Alan Berg's article "Light On Java Code" in <a href="http://www.stpmag.com/issues/stp-2006-10.pdf">Software Testing and Performance Magazine [link broken]</a> discusses static code analysis using FindBugs and PMD.</li>
        <br/>
        <li>July 2006 - Paul Duvall's article "Automation for the people: Continuous Inspection" on <a href="http://www-128.ibm.com/developerworks/java/library/j-ap08016/index.html">developerWorks</a> discusses CPD.</li>
        <br/>
        <li>June 2006 - Andrew Glover's article "In pursuit of code quality: Tame the chatterbox" on <a href="http://www-128.ibm.com/developerworks/java/library/j-cq06306/index.html?ca=drs-">developerWorks</a> discusses PMD and JavaNCSS.</li>
        <br/>
        <li>June 2006 - Tom Copeland's article "Static Electricity: Better Living with Static Code Analysis" in <a href="http://tomcopeland.blogs.com/juniordeveloper/2006/06/a_pmd_analysis_.html">Better Software</a> discusses PMD/CPD analyses of Azureus and Columba.</li>
        <br/>
        <li>April 2006 - John Ferguson Smart's article "PMD Squashes Code Bugs" on <a href="http://www.devx.com/Java/Article/31286">DevX</a> discusses PMD and the Eclipse plugin.  Lots of screenshots!</li>
        <br/>
        <li>November 2005 - Mike Clark's article "Staying Out of Code Debt" on <a href="http://www.stickyminds.com/sitewide.asp?Function=edetail&amp;ObjectType=ART&amp;ObjectId=9860&amp;tth=DYN&amp;tt=siteemail&amp;iDyn=2">StickyMinds</a> mentions both PMD and CPD as useful code-checking tools.</li>
        <br/>
        <li>October 2005 - Levent Gurses' article "Improving Code Quality with PMD and Eclipse" in <a href="http://www.eclipsezone.com/articles/pmd/">EclipseZone</a> talks about the PMD Eclipse plugin and explains many different facets of PMD - XPath, writing rules, the AST, all that.  Good stuff!</li>
        <br/>
        <li>June 2005 - Amit Chaturvedi's article "Java &amp; Static Analysis" in <a href="http://www.drdobbs.com/jvm/java-static-analysis/184406143">Doctor Dobb's Journal</a> talks about PMD and shows a screenshot of the rule designer</li>
        <br/>
        <li>March 2005 - Kirk Knoernschild's article "Benefits of the Build" in <a href="http://www.drdobbs.com/benefits-of-the-build/184415286">Doctor Dobb's Journal</a> mentions PMD as a way to automate code reviews</li>
        <br/>
        <li>February 2005 - <a href="http://www.eweek.com/c/a/Application-Development/Java-Is-WellSuited-for-OpenSource-Projects/">"Java Is Well-Suited for Open-Source Projects"</a> - Peter Coffee's eWeek article on open source, Java, and PMD</li>
        <br/>
        <li>January 2005 - <a href="http://www.ibm.com/developerworks/java/library/j-pmd/">"Zap bugs with PMD"</a> - Elliotte Rusty Harold's article on installing, configuring, and running PMD</li>
        <br/>
        <li>November 2004 - <a href="http://archive09.linux.com/feature/40235">"PMD: A code analyzer for Java programmers"</a> - Daniel Rubio's article about PMD; includes some notes on XPath rules</li>
        <br/>
        <li>June 2004 - <a href="http://onjava.com/pub/a/onjava/2004/06/16/ccunittest.html">"Code Improvement Through Cyclomatic Complexity"</a> - Andrew Glover's CCM article featuring PMD</li>
        <br/>
        <li>June 2004 - <a href="http://tinyurl.com/3dgpe">"Open Source-Perlen"</a> - A German article on PMD in Java Magazin</li>
        <br/>
        <li>June 2004 - <a href="http://jnb.ociweb.com/jnb/jnbJun2004.html">"Improving Project Quality with PMD"</a> - Tom Wheeler's "Java News Brief", June 2004 issue</li>
        <br/>
        <li>February 2004 - <a href="http://www.drdobbs.com/free-as-in-freedom/184415103">Software Development</a> - Listed as one of their 'Open-Source Projects to Watch'</li>
        <br/>
        <li>November 2003 - <a href="http://www.javaworld.com/javaworld/jw-11-2003/jw-1121-quality.html">JavaWorld: "Bug patrol"</a> - Various code inspection tools</li>
        <br/>
        <li><a href="https://jjguidelines.dev.java.net/index.html">JJGuidelines - Java and J2EE Conventions, Guidelines and Best Practices [link broken]</a> - a project sponsored by the Belgian government to codify coding practices; uses PMD as the compliance checking utility</li>
        <br/>
        <li>June 2003 - <a href="http://www.sdtimes.com/news/080/story15.htm">Software Development Times [link broken]</a> - PMD is embedded in QStudio.</li>
        <br/>
        <li>May 2003 - <a href="http://www.techrepublic.com/article/three-tools-that-make-java-code-review-painless-and-effective/5031836">techrepublic.com</a> - PMD, Checkstyle, and Jalopy</li>
        <br/>
        <li>April 2003 - <a href="http://onjava.com/pub/a/onjava/2003/04/09/pmd_rules.html">O'Reilly OnJava.com</a> - PMD custom rules</li>
        <br/>
        <li>March 2003 - <a href="http://onjava.com/pub/a/onjava/2003/03/12/pmd_cpd.html">O'Reilly OnJava.com</a> - overview of CPD</li>
        <br/>
        <li>February 2003 - <a href="http://onjava.com/pub/a/onjava/2003/02/12/static_analysis.html">O'Reilly OnJava.com</a> - overview of PMD</li>
        <br/>
        <li>January 2003 - <a href="http://netbeans.org/community/articles/interviews/tom_copeland_ole-martin_fr.html">Sprout</a> - interview with Ole-Martin and Tom</li>
    </ul>
    </section>
  </body>
</document>

