<?xml version="1.0"?>

<document>
  <properties>
    <author email="tom@infoether.com">Tom Copeland</author>
    <title>Running PMD</title>
  </properties>

  <body>
    <section name="Running PMD via command line">
    <subsection name="On Linux and other UNIX based operating system...">
    <p>PMD comes with several command line utilities. Previously, each of them had its own start up script, but this has been
        greatly simplified since PMD 5.0... at least for Unix systems. There is now only one script, called "run.sh", inside
        the bin/ directory of PMD distribution.</p>
    <p>The first argument is the name of the utility you want to execute ('pmd', 'designer',...) and the other arguments are
        specific to the utility used.</p>
    <source>
$ ./bin/run.sh pmd -d ../../../src/main/java/ -f text -R rulesets/java/basic.xml  -version 1.7 -language java
.../src/main/java/net/sourceforge/pmd/RuleSet.java:123  These nested if statements could be combined
.../src/main/java/net/sourceforge/pmd/RuleSet.java:231  Useless parentheses.
.../src/main/java/net/sourceforge/pmd/RuleSet.java:232  Useless parentheses.
.../src/main/java/net/sourceforge/pmd/RuleSet.java:357  These nested if statements could be combined
.../src/main/java/net/sourceforge/pmd/RuleSetWriter.java:66     Avoid empty catch blocks
.../src/main/java/net/sourceforge/pmd/RuleSetWriter.java:269    Useless parentheses.
   </source>
    </subsection>
   	<subsection name="Basic usage for Windows">
   		<ul>
    		<li><strong>Windows:</strong> Type &quot;pmd -d [filename|jar or zip file containing source code|directory] -f [report format] -R [ruleset file]&quot;, i.e:</li>
    		<br/>
    			<source>
C:\tmp\pmd-bin-@VERSION@\pmd\bin&gt;pmd -d c:\data\pmd\pmd\test-data\Unused1.java -f xml -R rulesets/java/unusedcode.xml
&lt;?xml version="1.0"?&gt;&lt;pmd&gt;
&lt;file name="c:\data\pmd\pmd\test-data\Unused1.java"&gt;
&lt;violation line="5" rule="UnusedLocalVariable"&gt;
Avoid unused local variables such as 'fr'
&lt;/violation&gt;
&lt;/file&gt;&lt;/pmd&gt;

C:\tmp\pmd-bin-@VERSION@\pmd\bin&gt;
				</source>
       <p>You can pass a file name, a directory name, or a jar or zip file name containing Java source code to PMD.</p>
       <p>Also, the PMD binary distribution includes the ruleset files
       inside the jar file - even though the "rulesets/java/unusedcode.xml" parameter
 above looks like a filesystem reference, it's really being used by a getResourceAsStream() call
 to load it out of the PMD jar file.  And the same applies to the example below.</p>

       <li>If you want to run PMD without the batch file, you can do a:</li>
       <source>
C:\tmp\pmd-bin-@VERSION@\pmd&gt;java -Djava.ext.dirs=lib
                     net.sourceforge.pmd.PMD
                     -d c:\j2sdk1.4.1_01\src\java\lang
                     -f xml
                     -R rulesets/java/imports.xml
       </source>
		<br/>
		<li><strong>Linux:</strong> Type &quot;./run.sh pmd -d [filename|jar or zip file containing source code|directory] -f [report format] -R [ruleset file]&quot;, i.e:</li>
		<br/>
			<source>
/home/user/tmp/pmd-bin-@VERSION@/pmd/bin&gt;./run.sh pmd -d /home/user/data/pmd/pmd/test-data/Unused1.java -f xml -R rulesets/java/unusedcode.xml
&lt;?xml version="1.0"?&gt;&lt;pmd&gt;
&lt;file name="/home/user/data/pmd/pmd/test-data/Unused1.java"&gt;
&lt;violation line="5" rule="UnusedLocalVariable"&gt;
Avoid unused local variables such as 'fr'
&lt;/violation&gt;
&lt;/file&gt;&lt;/pmd&gt;

/home/user/tmp/pmd-bin-@VERSION@/pmd/bin&gt;
				</source>
        </ul>
    </subsection>
	<subsection name="Other options">
      <p>The tool comes with a rather extensive help text, simply running with --help !</p>
    </subsection>
	<subsection name="Renderers">
	<p>PMD comes with four different renderer types:
    <ul>
        <li><b>csv</b>, provides a Comma Separated Values.</li>
        <li><b>text</b>, provides a basic text output.</li>
		<li><b>xml</b>, provides report output in XML format.</li>
		<li><b>html</b>, provides report as a basic HTML page.</li>
        <li>... and many more ! See the tool help text...</li>
	</ul>
	</p>
	</subsection>
   </section>
  </body>
</document>
